Episode,Reward,Steps,Completed,Deadlock
0,-475.70000000000215,500,False,False
0,-405.5000000000018,500,False,False
1,68.45000000000005,54,True,False
2,-425.0000000000022,500,False,False
3,-464.00000000000193,500,False,False
4,-458.1500000000025,500,False,False
5,-487.400000000002,500,False,False
6,-532.2500000000017,500,False,False
7,-526.4000000000017,500,False,False
8,-573.2000000000014,500,False,False
9,-483.50000000000193,500,False,False
10,-503.00000000000193,500,False,False
11,-471.8000000000021,500,False,False
12,-122.54999999999995,52,False,True
13,-475.70000000000226,500,False,False
14,-497.1500000000022,500,False,False
15,-460.1000000000018,500,False,False
16,-491.30000000000206,500,False,False
17,-95.65,21,False,True
18,102.64999999999999,33,True,False
19,-426.9500000000023,500,False,False
20,-481.5500000000022,500,False,False
21,-481.55000000000217,500,False,False
22,-491.300000000002,500,False,False
23,-481.55000000000194,500,False,False
24,-471.8000000000022,500,False,False
25,-483.50000000000216,500,False,False
26,99.65,15,True,False
27,-153.54999999999995,87,False,True
28,-93.85000000000001,24,False,True
29,-469.850000000002,500,False,False
30,107.75,9,True,False
31,-487.4000000000022,500,False,False
32,-483.5000000000018,500,False,False
33,71.15,39,True,False
34,-93.55,18,False,True
35,-95.55000000000001,19,False,True
36,-139.04999999999995,70,False,True
37,-485.45000000000186,500,False,False
38,91.45,23,True,False
39,-499.1000000000019,500,False,False
40,105.65,12,True,False
41,-485.45000000000215,500,False,False
42,13.750000000000085,95,True,False
43,-471.80000000000234,500,False,False
44,68.55000000000001,52,True,False
45,-491.30000000000194,500,False,False
46,99.25,23,True,False
47,-462.05000000000217,500,False,False
48,-169.14999999999992,87,False,True
49,-118.74999999999997,54,False,True
50,84.55,44,True,False
51,-487.40000000000214,500,False,False
52,105.35,18,True,False
53,-503.0000000000017,500,False,False
54,-442.5500000000024,500,False,False
55,-458.150000000002,500,False,False
56,-99.55,21,False,True
57,70.55000000000001,51,True,False
58,105.75,10,True,False
59,34.65000000000008,106,True,False
60,-95.75,23,False,True
61,-479.6000000000021,500,False,False
62,-448.4000000000023,500,False,False
63,99.35,21,True,False
64,-501.05000000000206,500,False,False
65,91.55,21,True,False
66,-114.05000000000001,38,False,True
67,-485.4500000000017,500,False,False
68,-93.45,16,False,True
69,-95.65,21,False,True
70,-93.64999999999999,20,False,True
71,-528.3500000000022,500,False,False
72,70.75000000000001,47,True,False
73,56.95000000000001,50,True,False
74,-483.500000000002,500,False,False
75,105.55000000000001,14,True,False
76,82.55,45,True,False
77,-467.9000000000018,500,False,False
78,-469.8500000000019,500,False,False
79,107.35000000000001,17,True,False
80,97.45,20,True,False
81,-456.2000000000022,500,False,False
82,-101.65,24,False,True
83,109.55,12,True,False
84,-438.6500000000022,500,False,False
85,-120.24999999999999,45,False,True
86,-91.45,15,False,True
87,-434.7500000000021,500,False,False
88,76.95,40,True,False
89,91.55,21,True,False
90,-487.40000000000214,500,False,False
91,-452.3000000000022,500,False,False
92,-87.35,11,False,True
93,79.05000000000001,37,True,False
94,-487.40000000000214,500,False,False
95,-126.14999999999999,46,False,True
96,-440.600000000002,500,False,False
97,103.45,17,True,False
98,-538.1000000000021,500,False,False
99,-471.8000000000021,500,False,False
100,82.85,39,True,False
101,-454.25000000000233,500,False,False
102,-102.05000000000001,32,False,True
103,99.65,15,True,False
104,-464.0000000000024,500,False,False
105,86.24999999999999,49,True,False
106,-114.15,40,False,True
107,-448.4000000000021,500,False,False
108,-471.8000000000019,500,False,False
109,-448.40000000000225,500,False,False
110,75.15,37,True,False
111,-85.55,14,False,True
112,66.05000000000001,63,True,False
113,-454.2500000000024,500,False,False
114,-456.20000000000215,500,False,False
115,71.05000000000003,41,True,False
116,-489.3500000000023,500,False,False
117,96.64999999999999,36,True,False
118,-87.35,11,False,True
119,-430.8500000000018,500,False,False
120,-458.15000000000225,500,False,False
121,92.75,36,True,False
122,-510.8000000000024,500,False,False
123,-125.84999999999998,40,False,True
124,-467.9000000000021,500,False,False
125,-454.2500000000021,500,False,False
126,109.75,8,True,False
127,-450.350000000002,500,False,False
128,19.050000000000082,106,True,False
129,77.65,26,True,False
130,-85.35,10,False,True
131,-93.45,16,False,True
132,-473.75000000000216,500,False,False
133,81.55000000000001,26,True,False
134,-432.8000000000023,500,False,False
135,-506.90000000000197,500,False,False
136,56.350000000000044,62,True,False
137,-423.0500000000024,500,False,False
138,79.05,37,True,False
139,103.55000000000001,15,True,False
140,-481.55000000000206,500,False,False
141,-450.35000000000235,500,False,False
142,-108.55000000000001,45,False,True
143,-477.650000000002,500,False,False
144,-462.0500000000018,500,False,False
145,99.45,19,True,False
146,-491.3000000000016,500,False,False
147,107.55,13,True,False
148,-452.3000000000021,500,False,False
149,-479.6000000000022,500,False,False
150,-444.500000000002,500,False,False
151,-510.800000000002,500,False,False
152,-438.65000000000197,500,False,False
153,111.65,9,True,False
154,103.45,17,True,False
155,-479.6000000000021,500,False,False
156,-83.45,11,False,True
157,105.25,20,True,False
158,-530.300000000002,500,False,False
159,95.35,23,True,False
160,-442.55000000000217,500,False,False
161,-483.50000000000216,500,False,False
162,107.35000000000001,17,True,False
163,-464.000000000002,500,False,False
164,-481.55000000000194,500,False,False
165,-462.05000000000246,500,False,False
166,105.25,20,True,False
167,-83.25,7,False,True
168,-464.00000000000205,500,False,False
169,-446.45000000000215,500,False,False
170,-102.15,34,False,True
171,-467.900000000002,500,False,False
172,-458.1500000000021,500,False,False
173,-91.25,11,False,True
174,-487.4000000000025,500,False,False
175,109.55,12,True,False
176,-97.35,16,False,True
177,-128.64999999999998,57,False,True
178,78.65,45,True,False
179,58.35000000000004,61,True,False
180,-487.40000000000225,500,False,False
181,101.35,20,True,False
182,-444.5000000000026,500,False,False
183,105.55000000000001,14,True,False
184,102.94999999999999,27,True,False
185,-491.30000000000206,500,False,False
186,-444.50000000000216,500,False,False
187,-85.35,10,False,True
188,-460.1000000000024,500,False,False
189,103.35,19,True,False
190,81.25,32,True,False
191,-83.45,11,False,True
192,-481.5500000000019,500,False,False
193,97.35,22,True,False
194,56.050000000000054,68,True,False
195,-127.95,43,False,True
196,67.15,41,True,False
197,-465.950000000002,500,False,False
198,111.75,7,True,False
199,20.850000000000122,109,True,False
200,-122.05000000000001,42,False,True
201,87.35,27,True,False
202,97.45,20,True,False
203,-103.65,25,False,True
204,78.65,45,True,False
205,-106.15,36,False,True
206,-114.65,50,False,True
207,-93.65,20,False,True
208,97.65,16,True,False
209,31.35000000000008,94,True,False
210,-475.7000000000023,500,False,False
211,-444.5000000000022,500,False,False
212,-464.0000000000025,500,False,False
213,103.75,11,True,False
214,101.65,14,True,False
215,-475.7000000000022,500,False,False
216,-114.44999999999999,46,False,True
217,-428.9000000000021,500,False,False
218,99.25,23,True,False
219,99.75,13,True,False
220,-419.1500000000022,500,False,False
221,103.55,15,True,False
222,78.85,41,True,False
223,85.55,24,True,False
224,87.25,29,True,False
225,-411.3500000000025,500,False,False
226,-464.00000000000205,500,False,False
227,-467.9000000000024,500,False,False
228,-95.85,25,False,True
229,-122.24999999999997,46,False,True
230,-85.44999999999999,12,False,True
231,-510.80000000000166,500,False,False
232,74.45,51,True,False
233,-452.30000000000234,500,False,False
234,-475.7000000000022,500,False,False
235,-109.95,34,False,True
236,-458.1500000000022,500,False,False
237,-105.75,28,False,True
238,-95.75,23,False,True
239,-428.9000000000024,500,False,False
240,-187.94999999999985,112,False,True
241,-129.74999999999997,40,False,True
242,-479.6000000000019,500,False,False
243,-477.6500000000022,500,False,False
244,-114.64999999999998,50,False,True
245,-15.849999999999895,141,True,False
246,-150.94999999999993,74,False,True
247,3.3500000000002075,147,True,False
248,-495.2000000000019,500,False,False
249,92.54999999999998,40,True,False
250,107.75,9,True,False
251,-456.2000000000019,500,False,False
252,101.45,18,True,False
253,-151.64999999999992,88,False,True
254,-127.54999999999998,35,False,True
255,66.65,51,True,False
256,-460.1000000000023,500,False,False
257,93.75,16,True,False
258,-98.05000000000001,30,False,True
259,-452.3000000000017,500,False,False
260,-387.95000000000175,500,False,False
261,-172.0499999999999,106,False,True
262,-444.50000000000216,500,False,False
263,105.75,10,True,False
264,74.55000000000001,49,True,False
265,78.65,45,True,False
266,-405.5000000000018,500,False,False
267,101.65,14,True,False
268,85.35,28,True,False
269,-469.8500000000022,500,False,False
270,-491.30000000000183,500,False,False
271,-446.45000000000226,500,False,False
272,-487.4000000000022,500,False,False
273,101.65,14,True,False
274,-454.25000000000193,500,False,False
275,113.75,6,True,False
276,-119.44999999999999,29,False,True
277,-483.5000000000022,500,False,False
278,-460.10000000000207,500,False,False
279,-504.950000000002,500,False,False
280,-452.30000000000246,500,False,False
281,93.75,16,True,False
282,74.45,51,True,False
283,-456.20000000000215,500,False,False
284,87.45,25,True,False
285,-413.30000000000194,500,False,False
286,93.35,24,True,False
287,-495.2000000000021,500,False,False
288,-491.300000000002,500,False,False
289,107.65,11,True,False
290,89.45,24,True,False
291,-89.55,16,False,True
292,-514.700000000002,500,False,False
293,-452.30000000000234,500,False,False
294,-467.90000000000214,500,False,False
295,-467.90000000000214,500,False,False
296,-442.5500000000019,500,False,False
297,-456.2000000000021,500,False,False
298,-477.6500000000016,500,False,False
299,91.45,23,True,False
300,71.25000000000001,37,True,False
301,-479.6000000000021,500,False,False
302,83.15,33,True,False
303,85.44999999999999,26,True,False
304,-81.25,6,False,True
305,5.85000000000008,97,True,False
306,30.45000000000003,73,True,False
307,-499.100000000002,500,False,False
308,-487.4000000000022,500,False,False
309,-514.7000000000021,500,False,False
310,107.75,9,True,False
311,107.65,11,True,False
312,92.94999999999999,32,True,False
313,58.45000000000003,59,True,False
314,84.64999999999999,42,True,False
315,105.25,20,True,False
316,44.35000000000004,68,True,False
317,-425.00000000000216,500,False,False
318,-112.04999999999998,37,False,True
319,-454.2500000000021,500,False,False
320,-446.45000000000215,500,False,False
321,80.94999999999999,38,True,False
322,105.65,12,True,False
323,-458.1500000000022,500,False,False
324,99.55,17,True,False
325,-469.8500000000023,500,False,False
326,-89.65,18,False,True
327,-87.25,9,False,True
328,-95.85,25,False,True
329,-104.05,33,False,True
330,-467.9000000000022,500,False,False
331,101.55,16,True,False
332,109.55,12,True,False
333,-452.3000000000019,500,False,False
334,-444.5000000000021,500,False,False
335,97.35,22,True,False
336,-491.3000000000022,500,False,False
337,74.55000000000004,49,True,False
338,86.95,35,True,False
339,-452.3000000000023,500,False,False
340,101.35000000000001,20,True,False
341,64.45000000000003,56,True,False
342,109.75,8,True,False
343,89.35,26,True,False
344,109.55,12,True,False
345,-85.44999999999999,12,False,True
346,-477.65000000000197,500,False,False
347,99.55,17,True,False
348,16.35000000000008,82,True,False
349,96.85,32,True,False
350,57.050000000000026,48,True,False
351,-103.75,27,False,True
352,-432.8000000000023,500,False,False
353,91.25,27,True,False
354,103.75,11,True,False
355,87.45,25,True,False
356,105.65,12,True,False
357,83.25,31,True,False
358,87.25,29,True,False
359,-508.850000000002,500,False,False
360,-458.1500000000024,500,False,False
361,-477.65000000000185,500,False,False
362,-467.90000000000214,500,False,False
363,-101.75,26,False,True
364,101.65,14,True,False
365,87.75,19,True,False
366,-403.55000000000234,500,False,False
367,-95.65,21,False,True
368,-438.650000000002,500,False,False
369,-126.14999999999996,46,False,True
370,-436.7000000000023,500,False,False
371,-477.65000000000197,500,False,False
372,66.45000000000002,55,True,False
373,105.65,12,True,False
374,-456.200000000002,500,False,False
375,-487.4000000000018,500,False,False
376,-444.50000000000165,500,False,False
377,-426.9500000000025,500,False,False
378,51.25000000000004,86,True,False
379,99.75,13,True,False
380,-458.15000000000185,500,False,False
381,-503.0000000000021,500,False,False
382,74.95000000000002,41,True,False
383,99.55,17,True,False
384,85.35,28,True,False
385,95.35,23,True,False
386,111.65,9,True,False
387,91.15,29,True,False
388,-438.65000000000185,500,False,False
389,-479.60000000000207,500,False,False
390,-83.25,7,False,True
391,-477.6500000000021,500,False,False
392,-477.6500000000023,500,False,False
393,75.45,31,True,False
394,-462.050000000002,500,False,False
395,103.55,15,True,False
396,93.75,16,True,False
397,-91.25,11,False,True
398,101.45,18,True,False
399,66.85000000000004,47,True,False
400,-465.9500000000019,500,False,False
401,105.75,10,True,False
402,-462.05000000000206,500,False,False
403,111.75,7,True,False
404,105.65,12,True,False
405,-1.1499999999998636,120,True,False
406,93.75,16,True,False
407,64.25000000000003,60,True,False
408,80.75,42,True,False
409,-93.75,22,False,True
410,-477.65000000000225,500,False,False
411,-477.6500000000025,500,False,False
412,50.55000000000004,61,True,False
413,-460.1000000000021,500,False,False
414,-448.4000000000018,500,False,False
415,60.95000000000002,48,True,False
416,113.75,6,True,False
417,103.15,23,True,False
418,22.350000000000122,118,True,False
419,-116.05,39,False,True
420,-483.500000000002,500,False,False
421,-102.35000000000001,38,False,True
422,-497.150000000002,500,False,False
423,83.35,29,True,False
424,-130.44999999999996,54,False,True
425,-471.80000000000194,500,False,False
426,-458.15000000000236,500,False,False
427,111.75,7,True,False
428,-114.25,42,False,True
429,111.65,9,True,False
430,-425.0000000000023,500,False,False
431,105.65,12,True,False
432,90.85,35,True,False
433,-464.0000000000024,500,False,False
434,-432.8000000000019,500,False,False
435,107.45,15,True,False
436,79.25,33,True,False
437,56.85000000000002,91,True,False
438,107.55000000000001,13,True,False
439,107.55000000000001,13,True,False
440,97.25,24,True,False
441,-438.65000000000254,500,False,False
442,-150.94999999999993,74,False,True
443,-83.35,9,False,True
444,84.64999999999999,42,True,False
445,78.85000000000001,41,True,False
446,81.14999999999999,34,True,False
447,109.65,10,True,False
448,111.55000000000001,11,True,False
449,-421.1000000000022,500,False,False
450,84.04999999999998,54,True,False
451,111.75,7,True,False
452,-448.40000000000214,500,False,False
453,-471.800000000002,500,False,False
454,99.65,15,True,False
455,80.94999999999999,38,True,False
456,89.55,22,True,False
457,-495.20000000000203,500,False,False
458,75.15,37,True,False
459,-475.70000000000203,500,False,False
460,113.65,8,True,False
461,-434.7500000000018,500,False,False
462,89.04999999999998,32,True,False
463,86.74999999999999,39,True,False
464,97.35,22,True,False
465,82.55,45,True,False
466,84.44999999999999,46,True,False
467,91.65,19,True,False
468,-481.55000000000194,500,False,False
469,-465.9500000000018,500,False,False
470,-417.20000000000186,500,False,False
471,101.35,20,True,False
472,97.55,18,True,False
473,93.35,24,True,False
474,-444.5000000000025,500,False,False
475,99.65,15,True,False
476,107.75,9,True,False
477,107.25,19,True,False
478,-93.45,16,False,True
479,-440.60000000000196,500,False,False
480,105.55000000000001,14,True,False
481,-473.75000000000193,500,False,False
482,107.65,11,True,False
483,-460.10000000000224,500,False,False
484,83.15,33,True,False
485,-469.8500000000024,500,False,False
486,68.95000000000002,44,True,False
487,-475.70000000000243,500,False,False
488,-438.65000000000185,500,False,False
489,105.55,14,True,False
490,72.65000000000002,48,True,False
491,105.65,12,True,False
492,-446.45000000000203,500,False,False
493,-452.30000000000194,500,False,False
494,103.45,17,True,False
495,-444.5000000000021,500,False,False
496,86.64999999999999,41,True,False
497,89.45,24,True,False
498,91.14999999999999,29,True,False
499,99.55,17,True,False
500,87.45,25,True,False
501,109.75,8,True,False
502,72.95,42,True,False
503,109.75,8,True,False
504,-534.2000000000021,500,False,False
505,-132.34999999999994,53,False,True
506,-393.80000000000194,500,False,False
507,103.75,11,True,False
508,-436.70000000000203,500,False,False
509,-115.85,35,False,True
510,99.35,21,True,False
511,95.45,21,True,False
512,97.65,16,True,False
513,-444.50000000000193,500,False,False
514,-487.4000000000021,500,False,False
515,-91.75,21,False,True
516,101.35,20,True,False
517,109.55,12,True,False
518,101.25,22,True,False
519,-487.40000000000236,500,False,False
520,-483.50000000000233,500,False,False
521,-440.60000000000235,500,False,False
522,-452.3000000000022,500,False,False
523,78.35,51,True,False
524,-405.5000000000023,500,False,False
525,-487.400000000002,500,False,False
526,77.15000000000002,36,True,False
527,-91.45,15,False,True
528,-403.55000000000246,500,False,False
529,6.350000000000179,126,True,False
530,-432.8000000000025,500,False,False
531,92.44999999999999,42,True,False
532,101.65,14,True,False
533,82.44999999999999,47,True,False
534,-97.75,24,False,True
535,76.44999999999999,50,True,False
536,61.95000000000006,67,True,False
537,-95.65,21,False,True
538,-132.84999999999997,63,False,True
539,113.65,8,True,False
540,107.25,19,True,False
541,91.15,29,True,False
542,86.94999999999999,35,True,False
543,40.55000000000004,66,True,False
544,101.45,18,True,False
545,-434.75000000000193,500,False,False
546,83.35,29,True,False
547,24.450000000000074,76,True,False
548,62.95000000000003,47,True,False
549,-14.049999999999855,144,True,False
550,-103.95,31,False,True
551,105.65,12,True,False
552,-448.40000000000254,500,False,False
553,45.250000000000085,89,True,False
554,97.45,20,True,False
555,97.75,14,True,False
556,-123.94999999999997,41,False,True
557,113.65,8,True,False
558,-425.00000000000216,500,False,False
559,103.55,15,True,False
560,94.94999999999999,31,True,False
561,91.65,19,True,False
562,-138.14999999999998,52,False,True
563,93.14999999999999,28,True,False
564,-444.5000000000026,500,False,False
565,-464.00000000000216,500,False,False
566,91.14999999999999,29,True,False
567,-456.200000000002,500,False,False
568,103.65,13,True,False
569,72.75000000000001,46,True,False
570,99.35,21,True,False
571,107.75,9,True,False
572,83.44999999999999,27,True,False
573,107.75,9,True,False
574,-101.95,30,False,True
575,97.65,16,True,False
576,93.05,30,True,False
577,-126.34999999999998,50,False,True
578,-109.35,22,False,True
579,-475.7000000000022,500,False,False
580,103.55,15,True,False
581,115.75,5,True,False
582,83.15,33,True,False
583,-481.55000000000206,500,False,False
584,86.75,39,True,False
585,60.05000000000001,66,True,False
586,-460.1000000000024,500,False,False
587,-93.65,20,False,True
588,-467.9000000000024,500,False,False
589,32.550000000000054,70,True,False
590,64.85000000000002,48,True,False
591,-479.60000000000224,500,False,False
592,-479.600000000002,500,False,False
593,111.75,7,True,False
594,99.25,23,True,False
595,103.45,17,True,False
596,-497.15000000000185,500,False,False
597,107.65,11,True,False
598,-456.2000000000021,500,False,False
599,87.55,23,True,False
600,-405.5000000000021,500,False,False
601,-460.10000000000207,500,False,False
602,109.75,8,True,False
603,-432.8000000000021,500,False,False
604,101.55,16,True,False
605,-510.8000000000022,500,False,False
606,-109.65,28,False,True
607,109.45,14,True,False
608,-477.65000000000174,500,False,False
609,-442.5500000000022,500,False,False
610,-471.8000000000025,500,False,False
611,-444.50000000000256,500,False,False
612,-438.6500000000019,500,False,False
613,-448.40000000000225,500,False,False
614,91.05,31,True,False
615,-487.40000000000225,500,False,False
616,-464.0000000000022,500,False,False
617,84.74999999999999,40,True,False
618,-91.55,17,False,True
619,-485.45000000000215,500,False,False
620,-469.85000000000224,500,False,False
621,-137.04999999999995,69,False,True
622,-444.500000000002,500,False,False
623,-499.10000000000207,500,False,False
624,-95.55,19,False,True
625,-97.75,24,False,True
626,-456.2000000000023,500,False,False
627,-409.4000000000024,500,False,False
628,-120.44999999999999,49,False,True
629,107.65,11,True,False
630,95.25,25,True,False
631,-421.1000000000022,500,False,False
632,-13.14999999999985,126,True,False
633,-450.35000000000247,500,False,False
634,-458.1500000000021,500,False,False
635,-168.1499999999999,106,False,True
636,-105.85000000000001,30,False,True
637,-458.1500000000025,500,False,False
638,-142.75,66,False,True
639,-465.95000000000203,500,False,False
640,-83.64999999999999,15,False,True
641,111.65,9,True,False
642,-107.75,29,False,True
643,71.95000000000005,62,True,False
644,93.45,22,True,False
645,-91.45,15,False,True
646,-134.44999999999996,56,False,True
647,99.75,13,True,False
648,-148.74999999999994,69,False,True
649,38.45000000000002,69,True,False
650,-456.20000000000226,500,False,False
651,78.65,45,True,False
652,-440.6000000000021,500,False,False
653,-432.8000000000021,500,False,False
654,-9.849999999999767,177,True,False
655,-419.15000000000214,500,False,False
656,-440.60000000000207,500,False,False
657,-95.55,19,False,True
658,-121.94999999999999,40,False,True
659,109.45,14,True,False
660,78.74999999999999,43,True,False
661,78.64999999999999,45,True,False
662,87.25,29,True,False
663,-389.900000000002,500,False,False
664,77.05,38,True,False
665,-428.90000000000225,500,False,False
666,55.45000000000004,80,True,False
667,83.35,29,True,False
668,-460.10000000000224,500,False,False
669,103.55,15,True,False
670,-444.5000000000024,500,False,False
671,101.45,18,True,False
672,95.45,21,True,False
673,31.750000000000057,86,True,False
674,-85.44999999999999,12,False,True
675,-454.2500000000017,500,False,False
676,-91.25,11,False,True
677,103.65,13,True,False
678,97.65,16,True,False
679,111.65,9,True,False
680,107.15,21,True,False
681,77.05000000000003,38,True,False
682,-121.75,36,False,True
683,97.55000000000001,18,True,False
684,-110.05000000000001,36,False,True
685,105.75,10,True,False
686,-81.45,10,False,True
687,-413.30000000000206,500,False,False
688,-374.3000000000017,500,False,False
689,101.55,16,True,False
690,26.350000000000065,77,True,False
691,99.35,21,True,False
692,-442.5500000000024,500,False,False
693,-397.700000000002,500,False,False
694,70.85,45,True,False
695,95.55,19,True,False
696,97.65,16,True,False
697,93.65,18,True,False
698,-428.90000000000225,500,False,False
699,105.35000000000001,18,True,False
700,99.75,13,True,False
701,-465.9500000000019,500,False,False
702,-460.1000000000023,500,False,False
703,-428.90000000000214,500,False,False
704,99.55,17,True,False
705,-105.45,22,False,True
706,97.65,16,True,False
707,113.75,6,True,False
708,-419.15000000000214,500,False,False
709,-407.45000000000255,500,False,False
710,95.25,25,True,False
711,97.45,20,True,False
712,-405.50000000000256,500,False,False
713,113.65,8,True,False
714,91.55,21,True,False
715,-116.05,39,False,True
716,79.15,35,True,False
717,-450.3500000000021,500,False,False
718,107.75,9,True,False
719,53.55000000000002,79,True,False
720,-458.1500000000022,500,False,False
721,103.65,13,True,False
722,-413.3000000000019,500,False,False
723,83.15,33,True,False
724,76.85000000000002,42,True,False
725,45.75000000000004,79,True,False
726,64.15,62,True,False
727,-399.6500000000022,500,False,False
728,33.55000000000007,89,True,False
729,111.55,11,True,False
730,-444.50000000000205,500,False,False
731,-425.0000000000018,500,False,False
732,-487.40000000000185,500,False,False
733,-483.50000000000233,500,False,False
734,92.85,34,True,False
735,89.45,24,True,False
736,89.45,24,True,False
737,-94.05000000000001,28,False,True
738,-456.20000000000215,500,False,False
739,113.75,6,True,False
740,84.94999999999999,36,True,False
741,-452.3000000000021,500,False,False
742,84.54999999999998,44,True,False
743,7.250000000000085,108,True,False
744,-471.8000000000021,500,False,False
745,-465.950000000002,500,False,False
746,-144.45,61,False,True
747,95.35,23,True,False
748,81.15,34,True,False
749,80.04999999999998,56,True,False
750,-475.7000000000019,500,False,False
751,-102.15,34,False,True
752,-442.5500000000022,500,False,False
753,97.45,20,True,False
754,99.45,19,True,False
755,111.55,11,True,False
756,-454.2500000000022,500,False,False
757,93.65,18,True,False
758,-438.6500000000023,500,False,False
759,-467.90000000000214,500,False,False
760,68.25000000000001,58,True,False
761,-95.55,19,False,True
762,-31.24999999999993,137,True,False
763,-102.85000000000001,48,False,True
764,-458.150000000002,500,False,False
765,-407.4500000000018,500,False,False
766,87.35,27,True,False
767,95.44999999999999,21,True,False
768,90.94999999999999,33,True,False
769,81.25,32,True,False
770,113.45,12,True,False
771,103.65,13,True,False
772,-120.65,53,False,True
773,-109.75,30,False,True
774,63.85000000000005,68,True,False
775,27.25000000000007,98,True,False
776,105.65,12,True,False
777,22.950000000000102,106,True,False
778,93.35,24,True,False
779,96.94999999999999,30,True,False
780,-479.6000000000022,500,False,False
781,107.75,9,True,False
782,-487.4000000000019,500,False,False
783,-469.85000000000235,500,False,False
784,93.25,26,True,False
785,-467.9000000000019,500,False,False
786,-487.40000000000197,500,False,False
787,78.75000000000001,43,True,False
788,101.15,24,True,False
789,-479.600000000002,500,False,False
790,-450.3500000000022,500,False,False
791,99.55,17,True,False
792,-491.30000000000234,500,False,False
793,103.75,11,True,False
794,-101.95,30,False,True
795,105.65,12,True,False
796,101.45,18,True,False
797,-501.05000000000206,500,False,False
798,115.75,5,True,False
799,95.14999999999999,27,True,False
800,-479.60000000000207,500,False,False
801,109.75,8,True,False
802,66.55000000000004,53,True,False
803,101.65,14,True,False
804,-487.40000000000236,500,False,False
805,89.55,22,True,False
806,109.75,8,True,False
807,84.64999999999999,42,True,False
808,103.55,15,True,False
809,64.65000000000002,52,True,False
810,-94.05000000000001,28,False,True
811,-499.10000000000207,500,False,False
812,-493.25000000000193,500,False,False
813,107.65,11,True,False
814,81.35,30,True,False
815,103.05,25,True,False
816,68.25000000000003,58,True,False
817,95.65,17,True,False
818,88.94999999999999,34,True,False
819,79.14999999999999,35,True,False
820,-487.40000000000236,500,False,False
821,93.15,28,True,False
822,-444.50000000000205,500,False,False
823,87.25,29,True,False
824,-409.4000000000023,500,False,False
825,-487.400000000002,500,False,False
826,83.15,33,True,False
827,95.05,29,True,False
828,103.65,13,True,False
829,51.25000000000007,86,True,False
830,-405.50000000000256,500,False,False
831,97.65,16,True,False
832,105.45,16,True,False
833,111.75,7,True,False
834,-428.90000000000225,500,False,False
835,68.75000000000003,48,True,False
836,-99.75,25,False,True
837,90.94999999999999,33,True,False
838,-471.80000000000234,500,False,False
839,105.55000000000001,14,True,False
840,90.94999999999999,33,True,False
841,-481.55000000000234,500,False,False
842,97.55,18,True,False
843,109.75,8,True,False
844,-462.0500000000022,500,False,False
845,83.05,35,True,False
846,99.75,13,True,False
847,-106.55000000000001,44,False,True
848,105.25,20,True,False
849,-456.2000000000026,500,False,False
850,-401.6000000000021,500,False,False
851,103.75,11,True,False
852,109.55,12,True,False
853,97.35,22,True,False
854,101.55,16,True,False
855,65.95000000000003,65,True,False
856,97.75,14,True,False
857,109.75,8,True,False
858,81.15,34,True,False
859,-399.650000000002,500,False,False
860,113.75,6,True,False
861,-405.50000000000193,500,False,False
862,101.35000000000001,20,True,False
863,107.35000000000001,17,True,False
864,-446.4500000000018,500,False,False
865,-479.60000000000224,500,False,False
866,-460.1000000000025,500,False,False
867,-436.7000000000023,500,False,False
868,-467.9000000000019,500,False,False
869,-100.25,35,False,True
870,52.350000000000065,64,True,False
871,97.55000000000001,18,True,False
872,101.35000000000001,20,True,False
873,-401.6000000000022,500,False,False
874,111.55,11,True,False
875,-465.95000000000203,500,False,False
876,99.15,25,True,False
877,97.05,28,True,False
878,-452.30000000000194,500,False,False
879,26.250000000000142,118,True,False
880,103.55,15,True,False
881,-444.50000000000256,500,False,False
882,-491.30000000000194,500,False,False
883,101.15,24,True,False
884,97.05,28,True,False
885,-464.0000000000019,500,False,False
886,-444.50000000000233,500,False,False
887,109.55000000000001,12,True,False
888,99.65,15,True,False
889,107.35000000000001,17,True,False
890,103.55,15,True,False
891,-93.45,16,False,True
892,93.05,30,True,False
893,101.55,16,True,False
894,-462.05000000000234,500,False,False
895,109.25,18,True,False
896,113.75,6,True,False
897,-452.30000000000217,500,False,False
898,35.75000000000006,84,True,False
899,87.44999999999999,25,True,False
900,87.35,27,True,False
901,-177.8499999999999,105,False,True
902,89.05,32,True,False
903,99.65,15,True,False
904,115.75,5,True,False
905,89.25,28,True,False
906,101.35,20,True,False
907,72.95000000000002,42,True,False
908,93.35,24,True,False
909,-144.64999999999998,65,False,True
910,103.65,13,True,False
911,-530.300000000002,500,False,False
912,95.44999999999999,21,True,False
913,95.65,17,True,False
914,105.75,10,True,False
915,87.55,23,True,False
916,95.35,23,True,False
917,-411.3500000000022,500,False,False
918,101.55000000000001,16,True,False
919,101.65,14,True,False
920,103.45,17,True,False
921,-471.80000000000217,500,False,False
922,95.45,21,True,False
923,103.55000000000001,15,True,False
924,-460.10000000000184,500,False,False
925,-438.65000000000214,500,False,False
926,113.65,8,True,False
927,-440.60000000000224,500,False,False
928,105.55,14,True,False
929,91.45,23,True,False
930,109.55,12,True,False
931,-105.65,26,False,True
932,-465.95000000000186,500,False,False
933,-407.45000000000203,500,False,False
934,93.35,24,True,False
935,109.45,14,True,False
936,90.94999999999999,33,True,False
937,95.75,15,True,False
938,111.45,13,True,False
939,113.75,6,True,False
940,83.05,35,True,False
941,67.35000000000002,76,True,False
942,-430.8500000000021,500,False,False
943,93.55000000000001,20,True,False
944,101.45,18,True,False
945,93.25,26,True,False
946,-456.20000000000215,500,False,False
947,-89.25,10,False,True
948,113.75,6,True,False
949,-452.30000000000234,500,False,False
950,97.35,22,True,False
951,-101.55000000000001,22,False,True
952,96.94999999999999,30,True,False
953,80.55,46,True,False
954,93.25,26,True,False
955,103.55000000000001,15,True,False
956,107.75,9,True,False
957,73.05000000000001,40,True,False
958,74.15000000000002,57,True,False
959,-460.1000000000024,500,False,False
960,99.55,17,True,False
961,-89.85000000000001,22,False,True
962,89.04999999999998,32,True,False
963,79.94999999999999,58,True,False
964,92.85,34,True,False
965,111.35000000000001,15,True,False
966,97.25,24,True,False
967,71.15,39,True,False
968,103.75,11,True,False
969,-434.75000000000193,500,False,False
970,109.75,8,True,False
971,96.44999999999999,40,True,False
972,-89.25,10,False,True
973,107.75,9,True,False
974,-428.90000000000197,500,False,False
975,103.75,11,True,False
976,-91.64999999999999,19,False,True
977,77.05,38,True,False
978,101.25,22,True,False
979,-436.70000000000255,500,False,False
980,101.45,18,True,False
981,-444.50000000000233,500,False,False
982,97.35,22,True,False
983,77.05000000000001,38,True,False
984,81.05,36,True,False
985,-409.40000000000236,500,False,False
986,-419.1500000000021,500,False,False
987,109.65,10,True,False
988,-430.85000000000235,500,False,False
989,107.65,11,True,False
990,85.35,28,True,False
991,-95.85,25,False,True
992,42.150000000000034,73,True,False
993,91.05,31,True,False
994,97.45,20,True,False
995,85.45,26,True,False
996,-452.30000000000206,500,False,False
997,89.05,32,True,False
998,105.75,10,True,False
999,97.65,16,True,False
1000,-136.54999999999995,59,False,True
1001,-434.75000000000244,500,False,False
1002,95.25,25,True,False
1003,95.55,19,True,False
1004,97.45,20,True,False
1005,81.15,34,True,False
1006,72.65000000000005,48,True,False
1007,103.75,11,True,False
1008,-475.70000000000215,500,False,False
1009,46.05000000000007,73,True,False
1010,93.15,28,True,False
1011,97.05,28,True,False
1012,87.45,25,True,False
1013,105.65,12,True,False
1014,103.55,15,True,False
1015,-405.50000000000176,500,False,False
1016,-465.9500000000019,500,False,False
1017,88.94999999999999,34,True,False
1018,52.650000000000034,58,True,False
1019,56.35000000000004,62,True,False
1020,87.35,27,True,False
1021,-91.55,17,False,True
1022,-405.5000000000022,500,False,False
1023,-134.64999999999995,60,False,True
1024,99.65,15,True,False
1025,77.14999999999999,36,True,False
1026,101.55,16,True,False
1027,-423.050000000002,500,False,False
1028,-448.400000000002,500,False,False
1029,70.65000000000002,49,True,False
1030,86.85,37,True,False
1031,-518.6000000000024,500,False,False
1032,93.05,30,True,False
1033,99.45,19,True,False
1034,70.65,49,True,False
1035,105.55,14,True,False
1036,89.45,24,True,False
1037,-423.0500000000023,500,False,False
1038,-467.9000000000022,500,False,False
1039,84.64999999999999,42,True,False
1040,86.85,37,True,False
1041,61.150000000000034,83,True,False
1042,111.75,7,True,False
1043,99.45,19,True,False
1044,86.75,39,True,False
1045,78.14999999999999,55,True,False
1046,105.55,14,True,False
1047,111.75,7,True,False
1048,107.55000000000001,13,True,False
1049,97.25,24,True,False
1050,92.54999999999998,40,True,False
1051,83.65,23,True,False
1052,93.14999999999999,28,True,False
1053,97.55,18,True,False
1054,-417.20000000000255,500,False,False
1055,103.25,21,True,False
1056,86.94999999999999,35,True,False
1057,91.55,21,True,False
1058,105.45,16,True,False
1059,109.75,8,True,False
1060,64.85000000000002,48,True,False
1061,-425.00000000000216,500,False,False
1062,105.65,12,True,False
1063,-119.15,62,False,True
1064,97.55,18,True,False
1065,-497.1500000000021,500,False,False
1066,84.75,40,True,False
1067,107.35000000000001,17,True,False
1068,61.15000000000002,44,True,False
1069,72.55000000000001,50,True,False
1070,109.75,8,True,False
1071,-436.7000000000022,500,False,False
1072,109.65,10,True,False
1073,107.75,9,True,False
1074,-477.6500000000021,500,False,False
1075,83.35000000000001,29,True,False
1076,107.65,11,True,False
1077,113.55,10,True,False
1078,-417.20000000000215,500,False,False
1079,80.94999999999999,38,True,False
1080,97.35,22,True,False
1081,66.45000000000006,55,True,False
1082,-487.40000000000185,500,False,False
1083,95.25,25,True,False
1084,111.65,9,True,False
1085,81.55,26,True,False
1086,107.65,11,True,False
1087,-89.85,22,False,True
1088,103.55,15,True,False
1089,-101.85000000000001,28,False,True
1090,91.05,31,True,False
1091,-464.0000000000023,500,False,False
1092,84.85,38,True,False
1093,111.75,7,True,False
1094,78.55,47,True,False
1095,93.35,24,True,False
1096,55.85000000000005,72,True,False
1097,105.65,12,True,False
1098,83.14999999999999,33,True,False
1099,107.75,9,True,False
1100,78.15,55,True,False
1101,82.94999999999999,37,True,False
1102,93.45,22,True,False
1103,82.94999999999999,37,True,False
1104,-432.8000000000026,500,False,False
1105,79.05000000000001,37,True,False
1106,107.25,19,True,False
1107,93.35,24,True,False
1108,-469.8500000000019,500,False,False
1109,56.150000000000006,66,True,False
1110,-162.94999999999993,80,False,True
1111,73.25000000000001,36,True,False
1112,111.75,7,True,False
1113,83.25,31,True,False
1114,-108.15,37,False,True
1115,-411.3500000000022,500,False,False
1116,-464.0000000000021,500,False,False
1117,-534.2000000000021,500,False,False
1118,88.24999999999999,48,True,False
1119,56.550000000000026,58,True,False
1120,109.65,10,True,False
1121,97.35,22,True,False
1122,111.35000000000001,15,True,False
1123,-465.950000000002,500,False,False
1124,99.25,23,True,False
1125,-440.60000000000207,500,False,False
1126,109.45,14,True,False
1127,97.65,16,True,False
1128,90.85,35,True,False
1129,101.35,20,True,False
1130,-438.6500000000023,500,False,False
1131,103.55,15,True,False
1132,101.35,20,True,False
1133,109.65,10,True,False
1134,66.55000000000001,53,True,False
1135,-450.35000000000247,500,False,False
1136,-425.000000000002,500,False,False
1137,48.450000000000045,64,True,False
1138,-430.8500000000021,500,False,False
1139,-477.6500000000022,500,False,False
1140,105.75,10,True,False
1141,111.75,7,True,False
1142,-91.65,19,False,True
1143,89.55000000000001,22,True,False
1144,61.150000000000006,44,True,False
1145,113.75,6,True,False
1146,-118.05,40,False,True
1147,105.35,18,True,False
1148,-108.35000000000001,41,False,True
1149,-432.80000000000217,500,False,False
1150,-102.25,36,False,True
1151,103.75,11,True,False
1152,107.65,11,True,False
1153,-446.45000000000186,500,False,False
1154,95.35,23,True,False
1155,111.45,13,True,False
1156,109.55,12,True,False
1157,103.55,15,True,False
1158,58.550000000000026,57,True,False
1159,109.65,10,True,False
1160,89.35,26,True,False
1161,101.25,22,True,False
1162,79.05000000000001,37,True,False
1163,-107.85000000000001,31,False,True
1164,105.35000000000001,18,True,False
1165,87.25,29,True,False
1166,-448.4000000000021,500,False,False
1167,-411.35000000000224,500,False,False
1168,109.45,14,True,False
1169,103.05,25,True,False
1170,111.75,7,True,False
1171,111.45,13,True,False
1172,107.65,11,True,False
1173,103.65,13,True,False
1174,93.55,20,True,False
1175,63.550000000000026,74,True,False
1176,78.44999999999999,49,True,False
1177,-524.4500000000021,500,False,False
1178,81.25,32,True,False
1179,107.65,11,True,False
1180,91.55,21,True,False
1181,93.25,26,True,False
1182,-423.05000000000234,500,False,False
1183,99.25,23,True,False
1184,84.54999999999998,44,True,False
1185,89.14999999999999,30,True,False
1186,-103.65,25,False,True
1187,73.15000000000002,38,True,False
1188,85.04999999999998,34,True,False
1189,-423.0500000000025,500,False,False
1190,-81.25,6,False,True
1191,-473.75000000000216,500,False,False
1192,107.55,13,True,False
1193,107.65,11,True,False
1194,-423.0500000000023,500,False,False
1195,68.55000000000001,52,True,False
1196,99.35,21,True,False
1197,94.85,33,True,False
1198,-407.4500000000019,500,False,False
1199,-471.80000000000217,500,False,False
1200,-448.40000000000225,500,False,False
1201,97.35,22,True,False
1202,109.65,10,True,False
1203,105.75,10,True,False
1204,107.45,15,True,False
1205,78.64999999999999,45,True,False
1206,93.44999999999999,22,True,False
1207,77.55,28,True,False
1208,109.65,10,True,False
1209,101.65,14,True,False
1210,111.55,11,True,False
1211,-85.55,14,False,True
1212,105.65,12,True,False
1213,86.44999999999999,45,True,False
1214,-460.1000000000022,500,False,False
1215,-446.450000000002,500,False,False
1216,53.050000000000026,50,True,False
1217,62.75000000000004,51,True,False
1218,111.75,7,True,False
1219,-79.35,7,False,True
1220,-89.44999999999999,14,False,True
1221,107.45,15,True,False
1222,-97.65,22,False,True
1223,-464.00000000000193,500,False,False
1224,89.35,26,True,False
1225,-479.60000000000196,500,False,False
1226,91.25,27,True,False
1227,107.15,21,True,False
1228,113.65,8,True,False
1229,89.25,28,True,False
1230,-454.25000000000165,500,False,False
1231,-501.050000000002,500,False,False
1232,45.85000000000008,77,True,False
1233,78.55,47,True,False
1234,-444.50000000000216,500,False,False
1235,93.05,30,True,False
1236,109.55,12,True,False
1237,-81.35,8,False,True
1238,109.75,8,True,False
1239,111.75,7,True,False
1240,88.35,46,True,False
1241,78.94999999999999,39,True,False
1242,95.75,15,True,False
1243,87.25,29,True,False
1244,-456.2000000000025,500,False,False
1245,79.05,37,True,False
1246,101.55,16,True,False
1247,-428.9000000000026,500,False,False
1248,107.65,11,True,False
1249,-93.75,22,False,True
1250,109.75,8,True,False
1251,109.45,14,True,False
1252,-454.2500000000019,500,False,False
1253,89.45,24,True,False
1254,60.65000000000002,54,True,False
1255,-399.6500000000021,500,False,False
1256,-487.4000000000022,500,False,False
1257,107.65,11,True,False
1258,-393.80000000000206,500,False,False
1259,-438.65000000000197,500,False,False
1260,81.25,32,True,False
1261,-442.55000000000217,500,False,False
1262,-448.40000000000185,500,False,False
1263,-403.5500000000021,500,False,False
1264,64.35000000000002,58,True,False
1265,109.65,10,True,False
1266,87.75,19,True,False
1267,97.35000000000001,22,True,False
1268,89.75,18,True,False
1269,-417.2000000000025,500,False,False
1270,-113.85,34,False,True
1271,109.65,10,True,False
1272,-96.35000000000001,35,False,True
1273,93.65,18,True,False
1274,-450.35000000000207,500,False,False
1275,88.65,40,True,False
1276,105.65,12,True,False
1277,99.65,15,True,False
1278,-454.25000000000256,500,False,False
1279,-481.550000000002,500,False,False
1280,99.75,13,True,False
1281,-456.20000000000203,500,False,False
1282,91.05,31,True,False
1283,107.75,9,True,False
1284,103.55,15,True,False
1285,103.75,11,True,False
1286,95.65,17,True,False
1287,66.95000000000002,45,True,False
1288,97.35,22,True,False
1289,87.75,19,True,False
1290,107.55,13,True,False
1291,-432.80000000000234,500,False,False
1292,97.65,16,True,False
1293,91.35,25,True,False
1294,95.75,15,True,False
1295,-434.75000000000256,500,False,False
1296,57.050000000000026,48,True,False
1297,-113.94999999999999,36,False,True
1298,95.65,17,True,False
1299,-442.5500000000023,500,False,False
1300,113.75,6,True,False
1301,55.95000000000003,70,True,False
1302,-467.900000000002,500,False,False
1303,105.65,12,True,False
1304,93.55000000000001,20,True,False
1305,68.35000000000002,56,True,False
1306,27.550000000000068,92,True,False
1307,-423.0500000000023,500,False,False
1308,99.25,23,True,False
1309,109.35000000000001,16,True,False
1310,109.75,8,True,False
1311,-434.75000000000233,500,False,False
1312,101.75,12,True,False
1313,85.05,34,True,False
1314,-136.85,65,False,True
1315,-109.85000000000001,32,False,True
1316,-85.35,10,False,True
1317,-423.050000000002,500,False,False
1318,-102.05000000000001,32,False,True
1319,-91.85,23,False,True
1320,107.65,11,True,False
1321,75.05,39,True,False
1322,72.45,52,True,False
1323,54.75000000000002,55,True,False
1324,86.94999999999999,35,True,False
1325,90.14999999999999,49,True,False
1326,97.25,24,True,False
1327,72.55,50,True,False
1328,-471.80000000000246,500,False,False
1329,-430.8500000000024,500,False,False
1330,99.25,23,True,False
1331,82.35,49,True,False
1332,-95.55,19,False,True
1333,74.95000000000002,41,True,False
1334,101.75,12,True,False
1335,74.35000000000002,53,True,False
1336,74.65,47,True,False
1337,107.65,11,True,False
1338,78.45000000000002,49,True,False
1339,86.85,37,True,False
1340,-487.40000000000185,500,False,False
1341,35.850000000000065,82,True,False
1342,-487.4000000000021,500,False,False
1343,99.15,25,True,False
1344,-477.6500000000023,500,False,False
1345,107.75,9,True,False
1346,99.55,17,True,False
1347,81.25,32,True,False
1348,66.95000000000002,45,True,False
1349,107.55000000000001,13,True,False
1350,-452.30000000000194,500,False,False
1351,-508.85000000000196,500,False,False
1352,85.05,34,True,False
1353,-462.05000000000246,500,False,False
1354,111.45,13,True,False
1355,-85.64999999999999,16,False,True
1356,-452.3000000000023,500,False,False
1357,113.65,8,True,False
1358,99.55,17,True,False
1359,91.44999999999999,23,True,False
1360,103.35,19,True,False
1361,87.35,27,True,False
1362,105.65,12,True,False
1363,101.05,26,True,False
1364,79.14999999999999,35,True,False
1365,70.35000000000004,55,True,False
1366,77.15,36,True,False
1367,84.85,38,True,False
1368,-401.60000000000224,500,False,False
1369,-483.5000000000022,500,False,False
1370,93.15,28,True,False
1371,95.25,25,True,False
1372,101.35000000000001,20,True,False
1373,-436.7000000000019,500,False,False
1374,-405.50000000000205,500,False,False
1375,103.75,11,True,False
1376,109.75,8,True,False
1377,77.55000000000001,28,True,False
1378,105.55000000000001,14,True,False
1379,105.45,16,True,False
1380,-87.44999999999999,13,False,True
1381,-440.6000000000023,500,False,False
1382,80.85,40,True,False
1383,82.94999999999999,37,True,False
1384,66.25000000000003,59,True,False
1385,103.65,13,True,False
1386,99.35,21,True,False
1387,113.75,6,True,False
1388,87.25,29,True,False
1389,78.35,51,True,False
1390,103.55,15,True,False
1391,82.95,37,True,False
1392,99.65,15,True,False
1393,111.75,7,True,False
1394,-436.70000000000215,500,False,False
1395,107.75,9,True,False
1396,111.45,13,True,False
1397,-413.3000000000021,500,False,False
1398,-91.44999999999999,15,False,True
1399,87.35,27,True,False
1400,90.94999999999999,33,True,False
1401,-101.44999999999999,20,False,True
1402,-438.65000000000197,500,False,False
1403,109.75,8,True,False
1404,99.55,17,True,False
1405,99.35,21,True,False
1406,-89.44999999999999,14,False,True
1407,-114.75,52,False,True
1408,109.45,14,True,False
1409,101.35,20,True,False
1410,111.75,7,True,False
1411,89.45,24,True,False
1412,89.65,20,True,False
1413,-446.4500000000024,500,False,False
1414,-467.90000000000214,500,False,False
1415,90.74999999999999,37,True,False
1416,109.55,12,True,False
1417,111.75,7,True,False
1418,-95.85,25,False,True
1419,101.55,16,True,False
1420,111.75,7,True,False
1421,-438.6500000000023,500,False,False
1422,93.25,26,True,False
1423,-450.35000000000196,500,False,False
1424,95.65,17,True,False
1425,99.35,21,True,False
1426,-452.30000000000234,500,False,False
1427,83.55,25,True,False
1428,-389.900000000002,500,False,False
1429,-432.80000000000206,500,False,False
1430,109.75,8,True,False
1431,-448.4000000000022,500,False,False
1432,-89.35,12,False,True
1433,72.95000000000002,42,True,False
1434,-119.54999999999998,31,False,True
1435,-99.85000000000001,27,False,True
1436,-393.8000000000019,500,False,False
1437,109.55000000000001,12,True,False
1438,-401.6000000000026,500,False,False
1439,-417.2000000000022,500,False,False
1440,81.05,36,True,False
1441,99.05,27,True,False
1442,101.65,14,True,False
1443,103.65,13,True,False
1444,97.65,16,True,False
1445,87.35,27,True,False
1446,103.75,11,True,False
1447,-432.800000000002,500,False,False
1448,83.45,27,True,False
1449,89.25,28,True,False
1450,113.75,6,True,False
1451,91.25,27,True,False
1452,71.05000000000003,41,True,False
1453,78.75000000000003,43,True,False
1454,107.65,11,True,False
1455,-407.450000000002,500,False,False
1456,-389.90000000000214,500,False,False
1457,105.65,12,True,False
1458,72.25,56,True,False
1459,95.45,21,True,False
1460,72.74999999999999,46,True,False
1461,-460.1000000000018,500,False,False
1462,95.35,23,True,False
1463,-413.30000000000194,500,False,False
1464,95.65,17,True,False
1465,83.35,29,True,False
1466,81.25000000000001,32,True,False
1467,103.55000000000001,15,True,False
1468,111.65,9,True,False
1469,-87.55,15,False,True
1470,111.65,9,True,False
1471,-391.850000000002,500,False,False
1472,82.24999999999999,51,True,False
1473,-413.3000000000018,500,False,False
1474,-473.75000000000233,500,False,False
1475,-116.14999999999999,41,False,True
1476,-109.95,34,False,True
1477,83.35,29,True,False
1478,68.25000000000001,58,True,False
1479,-450.3500000000025,500,False,False
1480,-452.3000000000027,500,False,False
1481,82.75,41,True,False
1482,111.45,13,True,False
1483,64.95000000000002,46,True,False
1484,80.75,42,True,False
1485,93.05,30,True,False
1486,103.65,13,True,False
1487,107.15,21,True,False
1488,-444.5000000000024,500,False,False
1489,101.05,26,True,False
1490,-419.15000000000254,500,False,False
1491,101.25,22,True,False
1492,105.15,22,True,False
1493,84.34999999999998,48,True,False
1494,101.75,12,True,False
1495,111.75,7,True,False
1496,-372.35000000000156,500,False,False
1497,-444.50000000000193,500,False,False
1498,107.65,11,True,False
1499,107.65,11,True,False
1500,95.35000000000001,23,True,False
1501,-469.85000000000207,500,False,False
1502,103.55000000000001,15,True,False
1503,91.35,25,True,False
1504,86.75,39,True,False
1505,66.44999999999999,55,True,False
1506,111.65,9,True,False
1507,93.65,18,True,False
1508,50.050000000000026,71,True,False
1509,-465.95000000000203,500,False,False
1510,95.45,21,True,False
1511,109.75,8,True,False
1512,103.45,17,True,False
1513,107.75,9,True,False
1514,105.55000000000001,14,True,False
1515,48.45000000000006,64,True,False
1516,87.25,29,True,False
1517,72.85000000000001,44,True,False
1518,109.75,8,True,False
1519,113.55,10,True,False
1520,103.65,13,True,False
1521,-413.3000000000024,500,False,False
1522,93.65,18,True,False
1523,-99.35,17,False,True
1524,89.65,20,True,False
1525,-460.1000000000022,500,False,False
1526,-409.4000000000025,500,False,False
1527,107.75,9,True,False
1528,-456.2000000000024,500,False,False
1529,95.25,25,True,False
1530,109.45,14,True,False
1531,99.65,15,True,False
1532,105.75,10,True,False
1533,-407.4500000000024,500,False,False
1534,103.45,17,True,False
1535,111.55,11,True,False
1536,91.05,31,True,False
1537,-448.40000000000225,500,False,False
1538,99.25,23,True,False
1539,97.35,22,True,False
1540,-462.0500000000022,500,False,False
1541,105.65,12,True,False
1542,-426.9500000000024,500,False,False
1543,-122.74999999999999,56,False,True
1544,48.35000000000005,66,True,False
1545,90.85,35,True,False
1546,-446.45000000000203,500,False,False
1547,90.64999999999999,39,True,False
1548,-409.40000000000236,500,False,False
1549,92.74999999999999,36,True,False
1550,105.75,10,True,False
1551,91.45,23,True,False
1552,103.65,13,True,False
1553,-401.60000000000264,500,False,False
1554,99.65,15,True,False
1555,-99.65,23,False,True
1556,99.35,21,True,False
1557,91.35,25,True,False
1558,105.55,14,True,False
1559,76.55000000000001,48,True,False
1560,91.35,25,True,False
1561,91.65,19,True,False
1562,97.05,28,True,False
1563,79.65,25,True,False
1564,109.65,10,True,False
1565,103.65,13,True,False
1566,54.450000000000024,61,True,False
1567,93.44999999999999,22,True,False
1568,113.75,6,True,False
1569,-458.1500000000023,500,False,False
1570,113.65,8,True,False
1571,-426.9500000000022,500,False,False
1572,-397.700000000002,500,False,False
1573,107.45,15,True,False
1574,-475.7000000000024,500,False,False
1575,-454.25000000000216,500,False,False
1576,82.74999999999999,41,True,False
1577,91.15,29,True,False
1578,93.25,26,True,False
1579,-430.8500000000023,500,False,False
1580,105.65,12,True,False
1581,103.35,19,True,False
1582,99.05,27,True,False
1583,111.65,9,True,False
1584,97.65,16,True,False
1585,-425.00000000000193,500,False,False
1586,51.75000000000006,76,True,False
1587,79.35,31,True,False
1588,88.14999999999999,50,True,False
1589,-130.94999999999996,64,False,True
1590,87.35,27,True,False
1591,93.25,26,True,False
1592,93.25,26,True,False
1593,33.850000000000065,83,True,False
1594,-397.70000000000186,500,False,False
1595,-194.54999999999984,127,False,True
1596,105.65,12,True,False
1597,99.25,23,True,False
1598,97.05,28,True,False
1599,97.65,16,True,False
1600,72.85000000000002,44,True,False
1601,95.05,29,True,False
1602,-444.500000000002,500,False,False
1603,103.35,19,True,False
1604,-89.35,12,False,True
1605,-87.45,13,False,True
1606,105.65,12,True,False
1607,81.14999999999999,34,True,False
1608,-87.35,11,False,True
1609,105.65,12,True,False
1610,85.14999999999999,32,True,False
1611,60.45000000000002,58,True,False
1612,105.55000000000001,14,True,False
1613,-481.5500000000022,500,False,False
1614,83.04999999999998,35,True,False
1615,83.25,31,True,False
1616,89.14999999999999,30,True,False
1617,-432.80000000000234,500,False,False
1618,-397.70000000000215,500,False,False
1619,90.95,33,True,False
1620,-428.9000000000025,500,False,False
1621,-426.9500000000023,500,False,False
1622,-101.95,30,False,True
1623,-83.35,9,False,True
1624,79.25,33,True,False
1625,-399.650000000002,500,False,False
1626,-105.75,28,False,True
1627,81.15,34,True,False
1628,64.45000000000002,56,True,False
1629,-129.84999999999997,42,False,True
1630,85.65,22,True,False
1631,109.65,10,True,False
1632,92.85,34,True,False
1633,-380.15000000000214,500,False,False
1634,-83.35,9,False,True
1635,111.75,7,True,False
1636,85.14999999999999,32,True,False
1637,-405.5000000000021,500,False,False
1638,109.75,8,True,False
1639,-448.4000000000023,500,False,False
1640,97.05,28,True,False
1641,107.45,15,True,False
1642,-438.65000000000254,500,False,False
1643,97.25,24,True,False
1644,-103.75,27,False,True
1645,97.05,28,True,False
1646,-475.7000000000022,500,False,False
1647,88.44999999999999,44,True,False
1648,99.44999999999999,19,True,False
1649,99.25,23,True,False
1650,-448.4000000000022,500,False,False
1651,103.55,15,True,False
1652,-409.4000000000021,500,False,False
1653,77.05000000000001,38,True,False
1654,89.55,22,True,False
1655,93.45,22,True,False
1656,77.25,34,True,False
1657,79.35000000000001,31,True,False
1658,-405.5000000000021,500,False,False
1659,109.75,8,True,False
1660,58.95000000000004,49,True,False
1661,-411.3500000000021,500,False,False
1662,107.65,11,True,False
1663,111.65,9,True,False
1664,76.95000000000003,40,True,False
1665,99.05,27,True,False
1666,87.65,21,True,False
1667,-101.65,24,False,True
1668,-481.55000000000246,500,False,False
1669,99.35,21,True,False
1670,107.75,9,True,False
1671,109.35000000000001,16,True,False
1672,87.14999999999999,31,True,False
1673,-434.7500000000018,500,False,False
1674,-107.95000000000002,33,False,True
1675,105.65,12,True,False
1676,81.14999999999999,34,True,False
1677,95.45,21,True,False
1678,-103.55,23,False,True
1679,-89.65,18,False,True
1680,111.75,7,True,False
1681,103.75,11,True,False
1682,81.25,32,True,False
1683,85.14999999999999,32,True,False
1684,56.25000000000004,64,True,False
1685,-444.5000000000022,500,False,False
1686,95.55000000000001,19,True,False
1687,109.65,10,True,False
1688,-479.6000000000022,500,False,False
1689,93.25,26,True,False
1690,-83.35,9,False,True
1691,-421.10000000000247,500,False,False
1692,-475.7000000000018,500,False,False
1693,111.75,7,True,False
1694,78.95,39,True,False
1695,109.65,10,True,False
1696,101.55,16,True,False
1697,113.75,6,True,False
1698,111.75,7,True,False
1699,87.44999999999999,25,True,False
1700,-460.10000000000235,500,False,False
1701,-436.7000000000024,500,False,False
1702,91.25,27,True,False
1703,-387.95000000000215,500,False,False
1704,-85.25,8,False,True
1705,-91.35,13,False,True
1706,105.75,10,True,False
1707,85.14999999999999,32,True,False
1708,-419.15000000000225,500,False,False
1709,76.95,40,True,False
1710,109.65,10,True,False
1711,85.25,30,True,False
1712,107.45,15,True,False
1713,-473.75000000000256,500,False,False
1714,111.75,7,True,False
1715,107.25,19,True,False
1716,93.55,20,True,False
1717,115.75,5,True,False
1718,97.44999999999999,20,True,False
1719,107.55000000000001,13,True,False
1720,101.15,24,True,False
1721,99.35,21,True,False
1722,-442.55000000000257,500,False,False
1723,101.45,18,True,False
1724,-87.35,11,False,True
1725,-436.7000000000021,500,False,False
1726,-107.55000000000001,25,False,True
1727,113.55,10,True,False
1728,77.05000000000001,38,True,False
1729,-101.75,26,False,True
1730,87.55,23,True,False
1731,103.45,17,True,False
1732,-432.8000000000025,500,False,False
1733,68.35000000000002,56,True,False
1734,-397.70000000000243,500,False,False
1735,103.75,11,True,False
1736,-395.75000000000165,500,False,False
1737,95.25,25,True,False
1738,97.14999999999999,26,True,False
1739,97.45,20,True,False
1740,76.54999999999998,48,True,False
1741,-448.40000000000214,500,False,False
1742,105.65,12,True,False
1743,103.75,11,True,False
1744,83.05,35,True,False
1745,91.35,25,True,False
1746,99.55000000000001,17,True,False
1747,105.65,12,True,False
1748,113.75,6,True,False
1749,76.75,44,True,False
1750,-464.0000000000022,500,False,False
1751,20.050000000000082,86,True,False
1752,89.35,26,True,False
1753,-89.65,18,False,True
1754,101.35,20,True,False
1755,-423.05000000000194,500,False,False
1756,103.65,13,True,False
1757,99.45,19,True,False
1758,107.65,11,True,False
1759,-432.8000000000024,500,False,False
1760,99.45,19,True,False
1761,91.65,19,True,False
1762,91.65,19,True,False
1763,-99.45,19,False,True
1764,-467.9000000000021,500,False,False
1765,-456.2000000000023,500,False,False
1766,99.55,17,True,False
1767,-446.4500000000022,500,False,False
1768,107.45,15,True,False
1769,101.45,18,True,False
1770,113.75,6,True,False
1771,115.65,7,True,False
1772,109.75,8,True,False
1773,91.75,17,True,False
1774,97.45,20,True,False
1775,95.45,21,True,False
1776,105.35,18,True,False
1777,103.75,11,True,False
1778,113.75,6,True,False
1779,-97.35,16,False,True
1780,-413.30000000000206,500,False,False
1781,113.75,6,True,False
1782,95.65,17,True,False
1783,91.35,25,True,False
1784,-456.2000000000019,500,False,False
1785,109.75,8,True,False
1786,111.75,7,True,False
1787,95.45,21,True,False
1788,-432.8000000000024,500,False,False
1789,-391.85000000000196,500,False,False
1790,101.55,16,True,False
1791,89.35,26,True,False
1792,105.55000000000001,14,True,False
1793,91.15,29,True,False
1794,72.85,44,True,False
1795,91.45,23,True,False
1796,103.75,11,True,False
1797,-450.35000000000235,500,False,False
1798,113.75,6,True,False
1799,65.95000000000002,65,True,False
1800,111.75,7,True,False
1801,91.35,25,True,False
1802,99.75,13,True,False
1803,89.55,22,True,False
1804,105.65,12,True,False
1805,103.65,13,True,False
1806,-465.9500000000019,500,False,False
1807,93.05,30,True,False
1808,87.44999999999999,25,True,False
1809,103.75,11,True,False
1810,-409.40000000000197,500,False,False
1811,105.75,10,True,False
1812,101.55,16,True,False
1813,90.74999999999999,37,True,False
1814,99.45,19,True,False
1815,103.35,19,True,False
1816,105.65,12,True,False
1817,111.65,9,True,False
1818,99.25,23,True,False
1819,91.75,17,True,False
1820,103.65,13,True,False
1821,73.25000000000001,36,True,False
1822,105.65,12,True,False
1823,109.55,12,True,False
1824,105.65,12,True,False
1825,82.94999999999999,37,True,False
1826,103.75,11,True,False
1827,-456.2000000000021,500,False,False
1828,103.35,19,True,False
1829,103.35000000000001,19,True,False
1830,78.05000000000004,57,True,False
1831,-475.7000000000025,500,False,False
1832,45.65000000000005,81,True,False
1833,109.75,8,True,False
1834,109.65,10,True,False
1835,111.75,7,True,False
1836,-428.90000000000236,500,False,False
1837,103.65,13,True,False
1838,97.25,24,True,False
1839,68.45000000000002,54,True,False
1840,109.35000000000001,16,True,False
1841,97.35,22,True,False
1842,107.45,15,True,False
1843,-419.15000000000214,500,False,False
1844,55.150000000000084,86,True,False
1845,107.65,11,True,False
1846,103.55,15,True,False
1847,101.55,16,True,False
1848,91.25,27,True,False
1849,101.55,16,True,False
1850,105.05,24,True,False
1851,113.65,8,True,False
1852,89.25,28,True,False
1853,111.75,7,True,False
1854,-115.94999999999999,37,False,True
1855,103.55,15,True,False
1856,62.85000000000004,49,True,False
1857,111.75,7,True,False
1858,-479.60000000000207,500,False,False
1859,93.45,22,True,False
1860,91.25,27,True,False
1861,101.45,18,True,False
1862,107.65,11,True,False
1863,94.85,33,True,False
1864,73.05000000000001,40,True,False
1865,-85.45,12,False,True
1866,91.45,23,True,False
1867,105.65,12,True,False
1868,105.55,14,True,False
1869,-503.00000000000205,500,False,False
1870,-465.95000000000203,500,False,False
1871,107.65,11,True,False
1872,101.15,24,True,False
1873,93.05,30,True,False
1874,-458.15000000000197,500,False,False
1875,64.55000000000001,54,True,False
1876,-378.2000000000022,500,False,False
1877,107.65,11,True,False
1878,105.65,12,True,False
1879,99.75,13,True,False
1880,-426.9500000000023,500,False,False
1881,-407.45000000000226,500,False,False
1882,107.35000000000001,17,True,False
1883,-446.45000000000203,500,False,False
1884,79.05000000000001,37,True,False
1885,-409.4000000000021,500,False,False
1886,101.65,14,True,False
1887,-446.45000000000215,500,False,False
1888,-417.2000000000023,500,False,False
1889,-91.45,15,False,True
1890,-87.35,11,False,True
1891,58.35000000000002,61,True,False
1892,-417.20000000000226,500,False,False
1893,97.75,14,True,False
1894,105.75,10,True,False
1895,109.35000000000001,16,True,False
1896,81.05,36,True,False
1897,107.65,11,True,False
1898,-397.7000000000022,500,False,False
1899,72.35,54,True,False
1900,101.45,18,True,False
1901,-89.25,10,False,True
1902,99.65,15,True,False
1903,-485.45000000000175,500,False,False
1904,81.05000000000001,36,True,False
1905,97.45,20,True,False
1906,-493.2500000000021,500,False,False
1907,-503.000000000002,500,False,False
1908,-454.25000000000193,500,False,False
1909,-446.450000000002,500,False,False
1910,-378.200000000002,500,False,False
1911,-130.74999999999997,60,False,True
1912,-458.1500000000022,500,False,False
1913,40.95000000000003,58,True,False
1914,-460.100000000002,500,False,False
1915,-430.85000000000196,500,False,False
1916,-436.7000000000023,500,False,False
1917,-426.9500000000022,500,False,False
1918,83.14999999999999,33,True,False
1919,99.45,19,True,False
1920,-464.00000000000216,500,False,False
1921,103.65,13,True,False
1922,105.55000000000001,14,True,False
1923,-448.4000000000019,500,False,False
1924,101.65,14,True,False
1925,103.65,13,True,False
1926,81.15,34,True,False
1927,-432.8000000000022,500,False,False
1928,109.75,8,True,False
1929,111.75,7,True,False
1930,101.25,22,True,False
1931,-456.20000000000215,500,False,False
1932,101.15,24,True,False
1933,89.35,26,True,False
1934,101.55,16,True,False
1935,-103.55,23,False,True
1936,105.65,12,True,False
1937,-99.65,23,False,True
1938,-83.25,7,False,True
1939,107.55,13,True,False
1940,101.44999999999999,18,True,False
1941,115.75,5,True,False
1942,-475.70000000000164,500,False,False
1943,93.55,20,True,False
1944,77.65,26,True,False
1945,-448.4000000000023,500,False,False
1946,-417.20000000000243,500,False,False
1947,115.75,5,True,False
1948,68.45000000000002,54,True,False
1949,-403.55000000000246,500,False,False
1950,-450.35000000000207,500,False,False
1951,105.65,12,True,False
1952,92.94999999999999,32,True,False
1953,99.35,21,True,False
1954,61.15000000000002,44,True,False
1955,109.65,10,True,False
1956,72.85000000000002,44,True,False
1957,113.75,6,True,False
1958,-483.50000000000193,500,False,False
1959,95.65,17,True,False
1960,103.55,15,True,False
1961,-440.6000000000023,500,False,False
1962,-409.40000000000174,500,False,False
1963,91.05,31,True,False
1964,85.65,22,True,False
1965,58.65000000000002,55,True,False
1966,101.55,16,True,False
1967,101.45,18,True,False
1968,-97.45,18,False,True
1969,65.75000000000004,69,True,False
1970,111.55,11,True,False
1971,-95.45,17,False,True
1972,111.75,7,True,False
1973,93.15,28,True,False
1974,83.25,31,True,False
1975,64.65000000000003,52,True,False
1976,-425.00000000000176,500,False,False
1977,97.65,16,True,False
1978,84.94999999999999,36,True,False
1979,83.35,29,True,False
1980,97.35,22,True,False
1981,95.55,19,True,False
1982,89.55,22,True,False
1983,97.44999999999999,20,True,False
1984,-506.900000000002,500,False,False
1985,103.55,15,True,False
1986,87.55,23,True,False
1987,109.75,8,True,False
1988,83.25,31,True,False
1989,99.25,23,True,False
1990,107.45,15,True,False
1991,-101.95,30,False,True
1992,-446.45000000000226,500,False,False
1993,72.05000000000004,60,True,False
1994,113.65,8,True,False
1995,103.65,13,True,False
1996,-473.75000000000216,500,False,False
1997,99.14999999999999,25,True,False
1998,111.75,7,True,False
1999,105.55,14,True,False
2000,-448.40000000000214,500,False,False
2001,-256.60000000000076,257,False,True
2002,-79.6,2,False,True
2003,-212.2,149,False,True
2004,-89.9,13,False,True
2005,-79.1,2,False,True
2006,-109.55000000000001,26,False,True
2007,-136.5999999999999,127,False,True
2008,-105.25,18,False,True
2009,-78.75,5,False,True
2010,-214.04999999999984,139,False,True
2011,-157.64999999999986,130,False,True
2012,-85.2,7,False,True
2013,-161.64999999999992,76,False,True
2014,-462.05000000000234,500,False,False
2015,-115.55000000000001,59,False,True
2016,-89.9,13,False,True
2017,-103.75,17,False,True
2018,-402.65000000000214,500,False,False
2001,-530.6500000000021,500,False,False
2002,-89.65,8,False,True
2003,-271.6500000000005,275,False,True
2004,-126.24999999999993,68,False,True
2005,-82.4,10,False,True
2006,-231.99999999999994,160,False,True
2007,-126.04999999999995,93,False,True
2008,-251.30000000000024,219,False,True
2009,-81.6,3,False,True
2010,-95.35000000000002,56,False,True
2011,-183.9999999999999,111,False,True
2012,-521.500000000002,500,False,False
2013,-234.2,175,False,True
2014,-303.1000000000007,280,False,True
2015,-81.6,3,False,True
2016,-161.94999999999996,60,False,True
2017,-94.45,34,False,True
2018,-93.94999999999999,16,False,True
2019,-100.45,29,False,True
2020,-424.00000000000205,500,False,False
2021,-452.0500000000021,500,False,False
2022,-93.1,19,False,True
2023,-91.3,12,False,True
